target,source
VeronicaBlade,NA
dotdottoys,NA
myahmctear,NA
DistanceLrnBot,NA
Boondockfinds,NA
p_Daisy__lisett,NA
Cuwiiigumv,NA
BangarangBooks,NA
BB92333545,NA
BB92333545,NA
JamesHywelBooks,NA
SsopSopi,NA
roxiemunro,NA
pinongatp,pinongatp
povkdramas,NA
film_mythaigal,NA
brightmeta28,NA
bwpuimm,NA
Sufiiyah3,NA
herskavin,NA
ScienceShepherd,NA
o_ghoney,NA
kaheibae,NA
cl0udpawpaw,NA
cndhnve,NA
geonBAEeee,geonBAEeee
gunjjong_,NA
_Iicyxxtn,NA
12_st_bw_12,NA
kittiyaxcm,NA
randyrineeyy07,NA
skyyclover,NA
elegysugar,NA
ffilmracha,NA
keerthii0891,NA
justulork,NA
ppsr2628,NA
Captain31101713,NA
Mexnazz,NA
Ich_EiNs,NA
fahyongware1,NA
nimays12,NA
abipraya28_,NA
winsimpbot,NA
cookiesbeeeee,NA
enthameuthia,NA
laladidadee,NA
jossssjje,NA
enthameuthia,NA
iamnoadaniel,NA
nunarrena,NA
StrumandTWT,NA
neem_paweenuch,NA
nathakorapat,NA
jiblekkinci,NA
xiangxigu,NA
anny_4306,NA
abipraya28_,NA
_PONGPOEY_,NA
AurieGood,NA
Kookkai_babii,NA
IneycLOw,NA
_fakesleeping,NA
TYTWNNWTHTPM,NA
Ran_ma22,NA
mogdialany,NA
mtwnna,NA
violinonist,NA
yourstrulywin,NA
pjpjx2,NA
shutapolca,NA
zkdlinnkai,NA
metaawine,NA
yourstrulywin,NA
kryspp_,NA
mttaaawinn,NA
gloryyshn,NA
Gun_Mola,NA
WTine12,NA
jyanibanana,NA
nathakorapat,NA
brivcwin,NA
bbrightily,NA
Linda36486771,NA
k4thy_9,NA
ohmnanonxz,NA
A2ZHomeschool,NA
fujifilm_intl,NA
erronmann,NA
Onewaybewithyou,NA
iloveyous0bad,NA
BabyYongwang,NA
loveswattine,NA
roadsojourner,NA
kinderjoybw,NA
AmeBAstro,NA
mtwncvr,NA
lokyyy2127,NA
winmtavvin,NA
LuvsBrightWin,NA
iHugvachi,NA
bbriwinll,NA
gbigajgd,NA
weedieyan,NA
IneycLOw,NA
theone_v,NA
pp_nnaa,NA
snowinks,NA
heartw1n,NA
WTine12,NA
cookiesbeeeee,NA
mahelwadna,NA
kidkatchoco,NA
kamonmunyz,NA
violinonist,NA
astrobvc,NA
winnpiewin,NA
pirawhipped4EM,NA
jwisungie52,NA
doodledot05,NA
Letecia__,NA
iansg8,iansg8
birdwormss,NA
bbright_sun,NA
berrymetawin,NA
Ohmnanonkawaii,NA
SOFTlEWIN,NA
vipeaceful__,NA
anass_nabell,NA
snackadoodle,NA
ffilmracha,NA
film_mythaigal,NA
mtwnna,NA
strouri,NA
dimple_lashes,NA
anchel24,NA
fujifilm_intl,NA
doodledot05,NA
m_ix_tape,NA
AltKpmlyNovelas,NA
kuyapotterhead,kuyapotterhead
ChrisChanJhay09,NA
iyaiyayoh,NA
joleeeagredaaa,NA
patchay55plus,NA
amoyseop,NA
sammyricka_007,NA
oodlu_tweets,NA
PlayWithEdu,NA
CodeAttBot,NA
SSuiteSoftware,NA
HomeschoolingNS,NA
MomsDoBusiness,NA
NWOXposed,NA
VeronicaBlade,NA
SahmReviews,NA
chrisderrick1,NA
QuestableDapp,NA
SardImperium,NA
SSuiteSoftware,NA
Hist_simulation,NA
oodlu_tweets,NA
SpottyIreland,NA
BookClubPro1,NA
Lori_Earp,NA
SRHomeschool,NA
VeronicaBlade,NA
jurylady5,NA
MomsWhoSave,NA
Hist_simulation,NA
LaurenWaynecom,NA
TaniaAMarshall,NA
VeronicaBlade,NA
mactavish,NA
KRajajinagar,NA
mm_305,NA
CodeWithTwitchi,NA
Edinburgh_forum,NA
oodlu_tweets,NA
TCT_on_TPT,NA
JenWEsq,JenWEsq
onesweetday48,NA
farmmom4him,NA
onesweetday48,NA
KJWatersAuthor,NA
birdwriter7,NA
TDrecker,NA
CaliVaxChoice,NA
no_filter_Yamba,NA
DenisecWright,NA
karmahoneyproj,NA
OccupiedOutback,NA
STEMCTEistheway,NA
momgiggles,NA
apntvmediaglobe,NA
monishb21,NA
LilCooksReading,NA
ahealy165,NA
PerfectDay2Play,NA
oodlu_tweets,NA
VeronicaBlade,NA
LindasLunacy,NA
gladwethoughtof,ArkEncounter
MomsDoBusiness,NA
SouthPadreTony,ZubyMusic
Edinburgh_forum,NA
writingforkidz,NA
BrookdaleHouse,NA
shurleyenglish,NA
EFLyons,NA
oodlu_tweets,NA
SusanneLeist,NA
joanpaq,NA
B0tSci,NA
MCChildsBookDay,NA
7SistersHomesch,NA
HSSuperFreak,NA
atlsjkdm,NA
DrSRiddle,NA
mericanReveille,NA
VickiChristoph8,NA
homeschoolsara,NA
AurieGood,NA
farmmom4him,NA
samclarkwrites,NA
Latina_Morena0,NA
AutismlandPenny,NA
HSLDA,NA
IARTG,NA
EmAdam6,NA
VeronicaBlade,NA
TheFeralBarista,NA
commonuseage,NA
Bty_in_Healing,NA
onesweetday48,NA
Ohyran,NA
oodlu_tweets,NA
Royce_P_Jacob,NA
SamhainNight,NA
CloyesVictoria,NA
ChrisannDawson,NA
kh12rs,NA
GhoulsFools,NA
HEAV,NA
thatbaldchick,NA
shurleyenglish,NA
AaronBlaiseArt,NA
AnnaRedding,NA
finds_e,NA
Steph__L_y_n_n,Steph__L_y_n_n
paulrosengard,NA
DagnyDelinquent,NA
DuoInspirations,NA
chris_bore,sTeamTraen
TravelAndSave,NA
CLASShomeschool,NA
BrookdaleHouse,NA
HomeschoolDeal,NA
KRScienceLady,NA
miranaho,NA
BrookdaleHouse,NA
juditupp,NA
AurieGood,NA
AuthorMichael57,NA
monishb21,NA
annagrace19,NA
SpellboundRiver,NA
Kris_Bock,NA
NachoArevalo,NA
writingforkidz,NA
FamilyEaton,NA
VeronicaBlade,NA
TutorExtraUK,NA
LeslieBulion,NA
ScienceShepherd,NA
EricStoffle,NA
AmyLynnLee7733,NA
writingforkidz,NA
judehaste_write,NA
mindfuldesserts,NA
emailmanROCKS,NA
HomeCurriculum,NA
studiesweekly,NA
IndepStudies,NA
paul_cude,NA
yellokat_cwald,NA
HEAV,NA
Productier1,NA
oodlu_tweets,NA
MomsWhoSave,NA
writingforkidz,NA
shermantara4,NA
HomeschoolDeal,NA
Xpressionable,NA
ACTProTips,NA
AlbertWhitman,NA
BEKNewsTV,NA
DaniTheACTcoach,NA
FreeHomeschool2,NA
oodlu_tweets,NA
SongjuDaemicke,NA
2DLARBN,josh_kitchens
TravelAndSave,NA
writingforkidz,NA
HEAV,NA
SongjuDaemicke,NA
writingforkidz,NA
DoobieDukeSims,NA
superteamup,NA
dotdottoys,NA
cselston,NA
bookcrew2022,NA
glce4Christ,NA
NikiBHill,NA
LauraGowens2,NA
DeanieHDunne,NA
DeanieHDunne,NA
birdwriter7,NA
ReneeANDSharon,NA
KimMitRas,NA
GirlsinPolitics,NA
LindasLunacy,NA
AlexanderVelky,NA
DuoInspirations,NA
superteamup,NA
MantanaNfl,NA
Edinburgh_forum,NA
MixedUpFiles,NA
jensfashions4u,NA
MichaelEging,NA
oodlu_tweets,NA
BrendaR44770180,NA
birdwriter7,NA
JudyandKeith,NA
onesweetday48,NA
Hist_simulation,NA
AttachmentMumma,NA
StewartTitan,NA
SteamTeamBooks,NA
otparkbox,NA
jamie_cmartin,NA
BarnOwlKids,NA
BarnOwlKids,NA
PerfectDay2Play,NA
SeahawksTeacher,NA
sikes_kaitlin,NA
JenSwanBooks,NA
HomeschoolDeal,NA
JAKE0881,NA
school_arabic,NA
BraveWriter,NA
ScienceBuddies,NA
AfroJay7,NA
school_arabic,NA
dotdottoys,NA
school_arabic,NA
GwenMcFarland12,NA
GrahamYvonna,NA
GrahamYvonna,NA
FarMfar10,NA
ezahsacademy,NA
AdvertisingLaw,NA
W_Angels_Wings,NA
thatbaldchick,NA
atlsjkdm,NA
atlsjkdm,NA
AurieGood,NA
emily_baker,NA
InspiredEater,NA
gayle_olson,NA
busybebes,NA
russellsloving1,NA
homeschoolsara,NA
RealArnieB,NA
BlkHistStudies,NA
CurrChoice,NA
A2ZHomeschool,NA
tepesal,NA
FeliciaBBridges,NA
MaryLSchmidt,NA
MomsDoBusiness,NA
superteamup,NA
Edinburgh_forum,NA
oodlu_tweets,NA
spirit_holistic,NA
ParentingPatch,NA
HomeschoolingNS,NA
CarnivoreMama,NA
zibrailmohamma3,NA
KathleenHarrym1,NA
mactavish,SEAhomeschooler
chayilyahudah,NA
oodlu_tweets,NA
ParentingHub1,NA
atlsjkdm,NA
PTChest,NA
Edinburgh_forum,NA
oodlu_tweets,NA
Nvania,NA
Hist_simulation,NA
OurMHomeschool,NA
AilsaForshaw,NA
superteamup,NA
Edinburgh_forum,NA
myprepacademy,NA
Productier1,NA
oodlu_tweets,NA
Hmschlsmplicity,NA
EvolveOnlineSA,NA
atlsjkdm,NA
TaragonCG,NA
FNPreparedness,NA
Hmschlsmplicity,NA
blockhead4eva,NA
atlsjkdm,NA
humorhomeschool,NA
jensfashions4u,NA
stephaknee__,NA
a_jak08,NA
BitcoinStupid,NA
BrianaOsborn13,Nope29915975
BrianaOsborn13,JMJ4USA
superteamup,NA
Edinburgh_forum,NA
SheilaSeaglass,NA
BrianaOsborn13,Mich_cos123
marykprather,NA
oodlu_tweets,NA
marykprather,NA
BrianaOsborn13,Fights_For_Kids
fett1111,NA
homeschoolsara,NA
BangarangBooks,NA
BangarangBooks,NA
hmschchristnmom,NA
FarmerTice1,penguinrandom
FarmerTice1,kids_books
FarmerTice1,MyBookCorner
FarmerTice1,MacmillanUSA
FarmerTice1,childrenbooks12
FarmerTice1,BNBuzz
FarmerTice1,classic_kidstv
FarmerTice1,BestBooksBuzz
FarmerTice1,BookPings
FarmerTice1,BOOSTmyBOOK
peterhreynolds,NA
Drew_Rogers13,kingnalodarling
atlsjkdm,NA
homeschoolsara,NA
shurleyenglish,NA
Darlene40827786,NA
smiley_brains,NA
JoeBlob48916127,kingnalodarling
culinarliberty,NA
AdvertisingLaw,NA
ParentingPatch,NA
WorkWHomeschool,NA
MrD_Class,NA
ThePoetryBot1,NA
VashtiQV,NA
GrahamYvonna,NA
rightroadnow,newfoundcatrazz
ibonkonboi,NA
ordinaryroyalty,NA
AnimatorsPal,NA
AaronBlaiseArt,NA
_LadySigyn_,NA
iCraftCafe,NA
iCraftCafe,NA
prasin200,NA
Bert27931088,NA
waytoteach,NA
Edinburgh_forum,NA
atlsjkdm,NA
oodlu_tweets,NA
AurieGood,NA
AutismlandPenny,NA
HSLDA,NA
aspireptutoring,NA
teentotmama,NA
SadlierSchool,NA
petrocat64,karr_pe
writingforkidz,NA
livingunexpecte,NA
HomeschoolWays,NA
PJR4Oregon,NA
procm2,NA
FoxxTeethh,NA
becken619,NA
play_grow_learn,NA
dutchgirlusa,NA
whoisme27,NA
SharkieAmy,NA
KumonPublishing,NA
CLASShomeschool,NA
HomeschoolDeal,NA
RealArnieB,NA
atlsjkdm,NA
onesweetday48,NA
promderby2,NA
DuoInspirations,NA
AaronBlaiseArt,NA
RealArnieB,NA
HomeschoolingNS,NA
AdvertisingLaw,NA
nofearcafe,NA
KashiKyru,NA
IARTG,NA
superteamml,NA
GartsideJackie,NA
Rae_didit,NA
CWHMAtHome,NA
marykprather,NA
oodlu_tweets,NA
hightopdavid3rd,NA
birdwriter7,NA
onesweetday48,NA
pawpaw_ray,NA
BrookdaleHouse,NA
marykprather,NA
majormomblog,NA
RestlessNativ14,NA
LisaFrideborg,NA
MomsWhoSave,NA
homeschoolsara,NA
MisesCaucusMA,NA
aponyhour,NA
lucky88duck,NA
Silent_Kindling,NA
HorseLoversMath,NA
Dawn_of_Steph,NA
PracHomeschool,NA
Sassamadoo,NA
StultsApril,NA
art_DJsmiles,NA
TheEliteTalentG,NA
BobatoonMusic,NA
HomeBizSuccessN,NA
dillsw67,NA
JumboMinds,NA
GirlsinPolitics,NA
FarmerTice1,classic_kidstv
HomeschoolDeal,NA
MoonbeamDream20,ksemamajama
keriebobatoon,NA
ChoiceMediatv,NA
Homeschooling,NA
writingforkidz,NA
DarKiller28,NA
goodedesign,NA
VicLw2012,NA
Hist_simulation,NA
mukulmayank,NA
mukulmayank,NA
FreeHomeschool2,NA
DistanceLrnBot,NA
7GenGames,NA
DuoInspirations,NA
susanmurphyinc,NA
JalalNoir,NA
all_hogwarts,NA
chelz70,NA
GagneRenaud,NA
atlsjkdm,NA
Furqan83482205,NA
A2ZHomeschool,NA
casarez_moni,NA
ChoyPop,NA
MyPrivateProf,NA
colourfulteach,NA
writingforkidz,NA
rookieart,NA
Lyon30233917,NA
birdwriter7,NA
PanLuvme,NA
DistanceLrnBot,NA
ChickensDigital,NA
MichaelDMerwin,NA
thsc,NA
craftuality,NA
KFurball,NA
Wife_Then_Mama,NA
homeschoolsara,NA
7SistersHomesch,NA
Heatprooflizard,NA
ReneeSamShaffer,kingnalodarling
trytutzor,NA
ncbeez,NA
MattTheLogical,NA
shurleyenglish,NA
oodlu_tweets,NA
a2p_press,NA
invested_nu,NA
BillinWV,BillinWV
cambhomeschool,NA
Burrnardo,NA
writingforkidz,NA
BangarangBooks,NA
TanglinP,NA
CloudRider33,NA
ghostofvangogh1,NA
RogerBarker5,NA
nikcost,NA
RomanGarza111,NA
LilMotherHooker,NA
Open_Tent_OTA,NA
Kreutzjr1,NA
HomeschoolDeal,NA
DuoInspirations,NA
teneyab,NA
writingforkidz,NA
MandiLangan0,NA
atlsjkdm,NA
homeschoolsara,NA
AshlenSheaffer,NA
PaulaJanL,NA
BrianYates92,NA
superteamup,NA
oodlu_tweets,NA
ScientistSoph,redgillett
redgillett,NA
writingforkidz,NA
LincolnLearning,NA
HomeschoolGoals,NA
VanDaManDFS1776,NA
onesweetday48,NA
k2reiter,NA
lemonpiewriter,NA
EdReformWatcher,NA
Jenn55432920,NA
HSSuperFreak,NA
kamalabluesuit,NA
BYGZG8007,NA
BigDonTee,NA
intellectualTO,NA
JT35682663,NA
CgArtist3d,NA
IrishEileen,NA
IrishEileen,NA
PatrioticGrams,NA
AmberNMarchese,NA
SpiritServicesL,NA
GrampVictoria,NA
atlsjkdm,NA
Grace2Grow,NA
GrampVictoria,NA
AndrewN52808594,NA
RuthHalleran,NA
MomsWhoSave,NA
busyteacher_org,NA
mthea,NA
breizh2008,NA
HelenOwenMarket,NA
HomeschoolingNS,NA
sunsetscentbar,NA
MariLa94930492,NA
cut_ups,NA
Duggo5768,NA
jm_briscoe,NA
lizbethide,NA
homeschoolsara,NA
Havekiddoswill,NA
truckerbooman,NA
Leslie95658165,NA
zidaro,NA
DermotKearney3,NA
IARTG,NA
fthomas01,NA
Pinam27Maria,NA
mamblackwell,NA
EKatholik,NA
BraveWriter,NA
atlsjkdm,NA
ImDPhillips,NA
Phantom_Knight7,NA
Questio70632004,NA
JoanSal40066581,NA
MichaelSurrago,NA
Mimi_LovingLife,NA
AutismlandPenny,NA
marietweetss,NA
mtucker505,NA
JBaker509,NA
onesweetday48,NA
GumdropGg,NA
TheBigXRP,NA
homeschoolsara,NA
colormeboldly,NA
Cheridr77,NA
mtyjoy,NA
MomsWhoSave,NA
shurleyenglish,NA
JLMC3791,NA
ballscity,NA
Moumita25716852,NA
DTochinskiy,NA
BoFooQ,NA
mo6k,NA
missyakern,NA
farmmom4him,NA
SojournerMrs,NA
enufcraziness,NA
11111111Ghost,NA
DebbieAWE,NA
Allyalexle,NA
oodlu_tweets,NA
AweDiscounts,NA
SunnyDa88638287,NA
marsgirl63,NA
Ozzy_Kabanek,NA
apologiaworld,NA
burkesquires,NA
HSLDA,NA
NetochkaNezvan0,NA
captainnemo101,NA
dagorist,NA
Uncaduv,NA
hugoffim,NA
NancyFadeley,NA
A2ZHomeschool,NA
gwpro,NA
SSuiteSoftware,NA
YosiahThaHebrew,NA
Jack_IPDraws,NA
MichelleOvers67,NA
talesfromwild,NA
HfreedomNews,NA
Peter217945,NA
TheMemeFactory0,NA
all_hogwarts,NA
seejengoandgo,NA
Star77757557600,NA
MaluaBayReiver,NA
dlc_chamb317,NA
MiraFox17312579,NA
GigiBerkowitz,NA
GLI_ResearchLib,NA
tunes85,NA
oodlu_tweets,NA
BenjaminToonBun,NA
blogosum,NA
Birken_Schimpff,NA
wordpip,NA
neovocis,NA
Koiler,NA
DavidRachford,NA
MorehHanok,NA
TheRealNYJV,NA
KristinaMahan8,NA
ACTProTips,NA
untiligetbanned,NA
gengyin,NA
westy198420,NA
MitchTheriac,NA
CarnivoreMama,NA
Bobfielding4,NA
tvspeer,NA
artistexhale,NA
Mitchell_theman,NA
Freedom01644381,NA
jglapski,NA
LoloKathym,NA
AutismlandPenny,NA
BlackcatTildrum,NA
KonoryNsfw,NA
kokurou9696,NA
QuinneTama,NA
SwipeSwipez,NA
dunya_ses,NA
bcgift,NA
Edinburgh_forum,NA
pirilexicon,NA
KerryLiterary,NA
l29923941,NA
sukimoto1000,NA
pdf00587301,NA
Chris196883,NA
CarolHusband,NA
cogitarus,NA
life_cuckold,NA
Bozo52769589,NA
sunstar749,NA
SRHomeschool,NA
LadyInReadvt,NA
cockyman7,NA
The__Sicilian,NA
TwinklMalaysia,NA
anyano,NA
mindfuldesserts,NA
MarkZylstra1,NA
oodlu_tweets,NA
laurelworlds,NA
SlayerSyrena,NA
RinR1966,NA
KingPankow,NA
delta_j_tango,NA
ChelsyFreedom,NA
Deannemh,NA
lmasperron,NA
DanDcucich,NA
MaestroClassics,NA
bandbwv,NA
GothianThe,scififreak35
SnapRegsting,NA
LisaRadulski,NA
NateAtkins_SPUR,NA
ohpowpow,NA
Edinburgh_forum,NA
RezRezzy,NA
MandiLangan0,NA
congratsyourebi,NA
mindfuldesserts,NA
kabbalah_harris,NA
Sweet9Kinders,NA
Hist_simulation,NA
StanUp1618,NA
123456abcG,NA
bassham_amber,NA
FraessDarryl,NA
Ken47188750,NA
BangarangBooks,NA
GLandrith,NA
FarmerTice1,classic_kidstv
Sandeepoffcial,NA
Sandeepoffcial,NA
LordMacc98,NA
scotteric7,NA
DeLoachJW,NA
TweetsMuhGhee,NA
Landslide20201,NA
Kate94793608,NA
Callie72503296,NA
oodlu_tweets,NA
moarr74,NA
madpar,NA
piratefamilyfun,NA
MinkMishka,NA
GodBles20399464,NA
Papazee6969,NA
atlsjkdm,NA
patriciatweeter,NA
tuachelsea,NA
TickmeofffHays,NA
MusembiWavinya,NA
lbury41,NA
tobiasgeorgbenz,NA
jht6_harold,NA
VanGuard2020,NA
throughchrist17,NA
PaulaSa96944978,NA
writingforkidz,NA
Brettwashere,NA
LarrySp65650220,NA
SSweeper72,NA
DistanceLrnBot,NA
AshleyBroadben5,NA
Sandeepoffcial,NA
homeschoolsara,NA
Soguastis,NA
McKenzieHarty,NA
mindthedesklady,NA
jdh152,NA
cjamesvirgo,NA
QuanKimberly,NA
BrookdaleHouse,NA
organicannmom,NA
ntrllyacat,kingnalodarling
ink_bink,NA
90plus9kids,NA
PublicS07354017,NA
A_Lovelydog,NA
BlueCottonMike,NA
NathanSollis1,NA
Isma_Na22,NA
JustMe81920266,NA
FurrySawney,NA
ramespaulus,NA
Preston01221899,NA
artista_kun967,NA
PatronStOfSleep,NA
wtp1787,NA
Ruby65div,NA
nonyabiz555,NA
Stephanie_Schl,NA
wendyeffective1,NA
wolve5150,NA
donnies12,NA
markoj1957,NA
AutismlandPenny,NA
IcayCharles,NA
Smallism_org,libertytarian
ZxOceanxZ,NA
getliquidized,NA
BigMuzzie,NA
truckfreak69,NA
Smallism_org,NA
Saorsa1776,NA
BasedMom21,NA
KelilahMae,CBHeresy
IARTG,NA
LearningLitera1,NA
JanaUC,NA
donnies12,NA
Bmanlegoboy,NA
YeeeX_HUA,NA
Productier1,NA
oodlu_tweets,NA
Jesus71359461,NA
deplorabledoone,NA
writingforkidz,NA
CorrySmith7,NA
Dking554,NA
Dking554,NA
ShanaJDaniels2,NA
TerriSueMonark,NA
codenamewise,NA
FarmerTice1,riverheadbooks
FarmerTice1,goodreads
FarmerTice1,PublishersWkly
FarmerTice1,thebookseller
DebbieRevor,NA
kewlkat93,NA
William95424816,NA
onesweetday48,NA
prazimdotcom,NA
Godwins37520326,NA
Ro4mingGnom3,NA
VikingFeline,NA
SmithTope,NA
JosephRDonley1,NA
abbavitch,NA
lettemburn,NA
TracyOnFire2020,KingsleyCortes
SteveStunning5,NA
SingleMommy0210,NA
AN1Guitarman,NA
tater_talks,NA
ElfieSchlegel,NA
KumaRichards,NA
DaysToNovember,NA
UmonMizuki1,NA
theChrisBrown85,NA
DAVIDCA52134525,NA
Sue3228,NA
arugiya,NA
azimuth1602,NA
GVeritatis,NA
tracitaylor70,NA
jondanrobford,NA
AmericaFree1,NA
tweetie2birdie,NA
OMFGABUNNY,NA
klrgreer,NA
cedniles,NA
cedniles,NA
ian_aquila,kingnalodarling
50Billionz,NA
jwetzel70,NA
daigoroku78910,NA
Clariss93013087,NA
nati0naldiv0rce,NA
tevet,NA
AtrucianCI,NA
BadgerPatriotDC,NA
jvb1457,NA
MichaelDeSilvi3,NA
Ech0ez,NA
pie_cri,NA
Daniel75008216,NA
HH121974,NA
JurgenK29727009,NA
BrookdaleHouse,NA
CurrChoice,NA
terra4m3r,NA
hawkco119,NA
nicholsforidaho,NA
Yarro567,NA
helenjojojojo,NA
atlsjkdm,NA
georgelogan11,NA
javier17018471,NA
anamcaraevents,NA
njmeyers15,NA
hatch_shane,NA
GrahamYvonna,NA
writingforkidz,NA
apoll0oso,NA
MomsDoBusiness,NA
handriev,NA
Hist_simulation,NA
DrClaytonForre1,NA
T_Weird_Raptor,NA
RyanKhuntley,NA
sukimoto1000,NA
HomeschoolDeal,NA
ripkingfaceCCG,NA
goldendood198,NA
Crystal_Prism,NA
TrevorHCairney,NA
oceanway55,NA
katsmagik1,NA
AilsaForshaw,NA
tbeshy99,NA
homeschoolsara,NA
sanweixiong,NA
ChoyPop,NA
MichaelSnow10,NA
zipporahmoses,NA
Audreyfrich1,NA
JoelofGeorgia,NA
DrawinYoMama,NA
julia_singer,NA
JOHNEHUME,NA
oodlu_tweets,NA
writingforkidz,NA
ASD_POTS,NA
mtc004,NA
meces29,NA
piniaart,NA
robkuchar,NA
aubrynathome,NA
AddictedTaU,NA
ENavarr67245718,NA
shurleyenglish,NA
AmericaMama1,NA
BrookdaleHouse,NA
GingerRage2020,NA
nurturemore,NA
kevvon,NA
JonesLoon,NA
anfersadu,NA
Sweet_Burr,NA
gonein60sec2,NA
markzucksass,NA
Zieleds,NA
maribearj1,NA
RHatesUCommies,NA
Mr_maanex,NA
ClaremontTheo,NA
FealkYork,NA
loveusa2018,NA
LearningWR,NA
1citizenpundit,NA
LearningWR,NA
Elosocomepuyos,NA
TwlightZoneFan,NA
bnpruitt,NA
Thelearnedkilt1,NA
poker_wade2,NA
shigejisoga,NA
FABERGANZA,NA
michaelcap13,NA
imgonnagetrekt,NA
RobinBl76484481,NA
HSFamilyStuff,NA
BonZaruky,NA
MAGAB07910508,NA
szekelyman,NA
BigLance111,NA
TheRavenxx,NA
JamesBlanhaerz,NA
_aconscioussoul,NA
4nomiya2019,NA
LisabelleArt,NA
Lowell_DQ10,NA
Sahm_Reviews,NA
porridgeisgood,NA
Scott_Throne,NA
kouji_am3,NA
junpei58,NA
Paws_Locas,NA
shybutforceful,NA
lcourtneymom,NA
Digital_Heretic,NA
myusername2017,NA
claim_write,NA
slightstrider,NA
anewkindared,NA
1ThingIsNeedful,NA
monishb21,NA
HoosierFordMan,NA
ROSASMCGEE04,NA
FarmerTice1,sljournal
Shmah_M,NA
FarmerTice1,emi_zako
FarmerTice1,simonschuster
MoonDancer308,NA
FarmerTice1,HarperCollins
MarcScottEmery,NA
AlphWeiDn,NA
Alpenstrudel,NA
Bradarchyy,NA
almnap2,NA
Marsh_Bunn,NA
bipolarbear77,NA
JustShu_,NA
GiselaCalera,NA
Ruthie125,NA
shadopan2000,NA
RobbobCarlwood,NA
writingforkidz,NA
writingforkidz,NA
MikeyTheStew,NA
dess_ri,NA
usebigears,NA
Mlky_Mike,NA
The_Unschoolers,NA
EliasZahath,NA
HLentowski,NA
TenacityLori,NA
writingforkidz,NA
BerlinDelia,NA
KhadijahOnline,NA
atlsjkdm,NA
Flexico64furry,NA
Peevedoffparent,NA
1pardygirl,NA
DaddioRecords,NA
idlepundit,NA
underhermantle,NA
Ccrashh1,NA
optimist9teen,NA
Karls41692168,NA
mobiyuz,NA
JoeClift1,NA
MomsDoBusiness,NA
WeNeed1776,NA
danielg58900411,NA
LC9586,NA
JamesRu35628271,NA
KING_R4MZI,NA
itaint2009nomo,NA
florida_dave,NA
DanDvl,NA
trippindaisies,NA
Nicole50515942,NA
agusterus2,NA
MissvalCa,NA
kurodante225,NA
HomeschoolDeal,NA
Bob_Mayer,NA
StChadOfMerica,NA
EiTaCeSoR,NA
BellringerThe,NA
SassyH9,NA
sharrein,NA
bold_counsel,NA
CrowellKg,NA
homeschoolsara,NA
FrankiesaysR,NA
MMalcolm17,NA
bambooozy,NA
DGIBBA11,NA
AlexTheYeen,NA
Lucy84401412,NA
wlswjgpdj,NA
djisace1,NA
_YvonneBurton,NA
BojanJancic,NA
QuixotesDonkey,NA
johnnyjoe1083,NA
Iggy_Wolfbear,NA
JangkoMango,NA
FreeAsFuck2,NA
IfNotNowWhen72,NA
Cynemotion,NA
windwalk3r,NA
HARBDARREL,NA
aaconnor1,NA
Brent_Reeves,NA
Jonatha96111167,NA
altp360,NA
DragonsDie1230,NA
ChristofirMitc1,NA
farmmom4him,NA
cmnslivin,NA
jill_shank,NA
zium,NA
capnbearclaw,NA
FNot45,BarnettforAZ
SmarterPrintab1,NA
victor41862,NA
SwatchCard,NA
TOMTndean,NA
Superviery,NA
draaggn,NA
archam2nina,NA
DubWolfy,NA
CraigDvn,NA
XSCrazyMom,NA
taufski4,NA
fallinawake,NA
Autonome__,NA
TruckTheBear,NA
hey__erika,NA
jiothecreative,NA
Productier1,NA
oodlu_tweets,NA
app3zero,NA
Heather222429,NA
Aversiespabilas,NA
agromy7chip7,NA
Smartervi11e,NA
Verity36405235,NA
BrendaDoolin,NA
chrostophmarkos,NA
DLRShaw,NA
DwbirdDee,NA
RStrike20,NA
JekyllTheDemon,NA
ImHereForTrump,NA
onesweetday48,NA
knifegoetia,NA
Creepocalypze,NA
drew_grogan,NA
SpanishPlaygrd,NA
SalsaPrice,NA
Tijka_Tiger,NA
LauraLCosgrove,NA
uneasy_wolf,NA
NancyEvelynR,NA
Gomezfox350,NA
flen_ham,NA
QJimmy6000,NA
MarthaG55793508,NA
Bored_Collie,NA
CathyKell19,NA
ScrambledLegsTy,NA
FurryViza,NA
piratefamilyfun,NA
lemusuniverse,NA
reallipist,NA
lbciji,NA
BennyCartoonist,NA
JennadieJ,NA
NuclearBrachy,NA
Rafikisland,NA
SonofHellas,NA
PearlUSAfreedom,NA
Yikibe,NA
IAPT7,NA
Deerockboom,NA
CurrChoice,NA
Grimm98432037,NA
DreamCreamCake,NA
MessianicJew2,NA
GrahamYvonna,NA
kidncatmom1,NA
KaRaAnnE211,NA
6079SmithWinsom,NA
YokotaArno,NA
Angelakg5,NA
HardCoreAds,NA
HomeschoolDeal,NA
DinoRider5,NA
Jangalian82,NA
EstherTerrell17,NA
ImJustADude5,NA
goodedesign,NA
ParentingPatch,NA
BigJimDanoon,NA
RPollardRealtor,NA
Blue_Rascal,NA
MomsDoBusiness,NA
SassCBrown,NA
livingunexpecte,NA
ki_the_rasky,NA
runxforest_Art,NA
russianblueart,NA
NightPrayse,NA
tylercuddletail,NA
santiagoflore28,NA
Koopa_MC,NA
MiniMeGeology,NA
ALBoyer_FurArt,NA
KittyQueer,NA
MarshyWarshyUwU,NA
Jesusis53688620,NA
This_Nomad,NA
jackiescott10,NA
Dakuenjeru74,NA
NateRoseArt,NA
Anakhonda,NA
avonb68,NA
MrMoy9,NA
TwisLinguistics,NA
IrrelevantSome1,NA
VanDaManDFS1776,NA
Mag3nTa_Paint,NA
_Pera_Roja_,NA
ponynightrain,NA
ExpatChild,NA
LaCandyf,NA
s_ker_521,NA
Gre7gL,NA
Wolfinden,NA
mediocrewabbit,NA
birdwriter7,NA
Ch3rryPi,NA
KyTruth1027,NA
chemicalCryptid,NA
melanistickitty,NA
oodlu_tweets,NA
AnimationLife,NA
TPangoro,NA
post_calvinist,kingnalodarling
AlexCharivari,NA
QJ62746826,NA
Doodles_count,NA
elaine26459022,NA
XtinaShow,NA
Yes2Homeschool,NA
DukeOfNone,NA
KCWolfdeerSFW,NA
MaireadRalph,NA
ChicknPunkrock,NA
ptcfinancial,NA
Silencedlamb669,NA
writingforkidz,NA
rjv_art_backup,NA
JohnThrower2,NA
juditupp,NA
ATuckerfreeinfo,NA
Roger_1450,NA
murley_puppy,NA
onlyPollux,NA
_Keroa_,NA
gersparsy,NA
Mindful_Jedi,NA
writingforkidz,NA
SagesYt,NA
_IzaEscher,NA
TheatrePro_,NA
birdwriter7,NA
JamesRowley21,NA
AaronBlaiseArt,NA
Equa6Justiceand,NA
ems1122,NA
FarmerTice1,MacmillanUSA
cynthia_lee88,NA
twowingsonebird,NA
MomsDoBusiness,NA
FiatLuxGenesis,NA
Hist_simulation,NA
GrahamYvonna,NA
writingforkidz,NA
LoveWins232323,NA
BraveWriter,NA
BangarangBooks,NA
Kris_Bock,NA
BrookdaleHouse,NA
writingforkidz,NA
Ciaran060756,NA
Edinburgh_forum,NA
writingforkidz,NA
PTChest,NA
ParentingPatch,NA
OncoAdvocate,NA
homeschool_indy,NA
farmmom4him,NA
Productier1,NA
writingforkidz,NA
oodlu_tweets,NA
SALightPress,NA
FreeHomeschool2,NA
16high,NA
DistanceLrnBot,NA
bangdead2,NA
nunyabiznas2020,NA
teachers_direct,NA
iCraftCafe,NA
fredsdiary1981,NA
waveblog1,NA
crimsum,NA
writingforkidz,NA
atlsjkdm,NA
DrMoe80521427,NA
Beyond_Bitcoin,NA
dryesttortugas,NA
EvolveOnlineSA,NA
GrampVictoria,NA
GrampVictoria,NA
colourfulteach,NA
writingforkidz,NA
GrampVictoria,NA
GrampVictoria,NA
MWModernMomma,NA
rickynjulian35,NA
JZILLA_PEREZ,NA
paidbeachbum,NA
SchecterAdam,NA
homeschoolsara,NA
muller18657256,NA
Open_Tent_OTA,NA
caryschamberge1,NA
ronald_rhd64,NA
lgreen9089,NA
gardgoldsmith,NA
Michael18351759,NA
haakeman,NA
Juaneye,NA
Hist_simulation,NA
waywardsuol,NA
rootsrock9,NA
alphega1983,NA
ChicoGorilla,NA
real_forerunner,NA
wax_gains,NA
SamuelKFisher,NA
CateCate1,NA
XEyezWideOpenX,NA
sak_stories,NA
MarkJ_ohnson,NA
LeonardTillerma,NA
BetteAStevens,NA
Productier1,NA
oodlu_tweets,NA
CHoganDuluthMN,NA
JamesRPenningt2,NA
BabyWhaleFish,NA
lauri_maniccia5,NA
CryptoKillah,NA
3311_orange,NA
Open_Tent_OTA,NA
juliusxxceasar,NA
DJ_EpLp,NA
JustinCzas,NA
Kathlee87521853,NA
RtTwu,NA
PaulDooling,NA
christinem360,NA
TryingToLast,NA
woodspring2012,NA
libertytarian,NA
atlsjkdm,NA
atlsjkdm,NA
homeschoolsara,NA
FUBU_educators,NA
ricardo_ik_ahau,NA
trytutzor,NA
homeschoolsara,NA
Literally_Lynne,NA
DigitalLuna_,NA
HomeschoolCrew,NA
superteamml,NA
Rae_didit,NA
yTravelBlog,NA
oodlu_tweets,NA
WithFranca,NA
GrowingExcepti1,NA
RobinsoMartina,NA
buhle_sithela,NA
robinghvintage,NA
MarkJ_ohnson,NA
SchoolOnlineUK,NA
SSuiteSoftware,NA
VrsutzB,NA
oodlu_tweets,NA
SmartGamesUK,NA
susannahsparrow,NA
ciaranconnolly,LearningMole
oodlu_tweets,NA
ColoringW,NA
BookClubPro1,NA
PerfectDay2Play,NA
FarmerTice1,physicsJ
FarmerTice1,GoJacksWBB
atlsjkdm,NA
omfaye01,NA
PlushKingRassk,NA
zbrushkt,NA
FarmerTice1,RockNRoLL_85
oodlu_tweets,NA
kateonthinice,NA
atlsjkdm,NA
atlsjkdm,NA
AutismlandPenny,NA
socialQTS,NA
LeBronAngeles,NA
TCTTV,NA
PacificRpm,NA
FarmerTice1,claudiagabel
FarmerTice1,PenguinIndia
FarmerTice1,kids_books
FarmerTice1,MuslimChdBooks
FarmerTice1,AngelKrishna2
FarmerTice1,penguinrandom
FarmerTice1,simonschuster
onesweetday48,NA
FarmerTice1,penguinusa
atlsjkdm,NA
homeschoolsara,NA
ChickensDigital,NA
HomeschoolCrew,NA
writingforkidz,NA
writingforkidz,NA
oodlu_tweets,NA
writingforkidz,NA
writingforkidz,NA
writingforkidz,NA
writingforkidz,NA
writingforkidz,NA
writingforkidz,NA
FeliciaBBridges,NA
onesweetday48,NA
MarkJ_ohnson,NA
RacerX00,NA
Productier1,NA
oodlu_tweets,NA
nathomeschool,NA
GraceCurriculum,NA
atlsjkdm,NA
ExploreGeoKidz,NA
Kris_Bock,NA
homeschoolsara,NA
jayhood73,NA
Mother_Warrior,NA
AutismlandPenny,NA
_HomeschoolPod,NA
UBAMwithSueLee,NA
BrookdaleHouse,NA
UBAMwithSueLee,NA
DanikaCooley,NA
shurleyenglish,NA
ContentedInfant,NA
SusanLordBiz,NA
DaleRRiley,NA
ToloRoloToys,NA
thatbaldchick,NA
Productier1,NA
wayneholmes,NA
AdvertisingLaw,NA
atlsjkdm,NA
Erin_Vincent35,NA
MissCaraReads,NA
Productier1,NA
busyteacher_org,NA
oodlu_tweets,NA
HomeschoolBlack,NA
demconnection,NA
DebOnceasinger,NA
ptcfinancial,NA
AilsaForshaw,NA
KimMitRas,NA
GirlsinPolitics,NA
DuoInspirations,NA
writingforkidz,NA
farmmom4him,NA
shurleyenglish,NA
AdvInFamilyhood,NA
writingforkidz,NA
_CrossReads,NA
lcourtneymom,NA
farmmom4him,NA
_CrossReads,NA
CraftyClassroom,NA
farmmom4him,NA
pathwilderness,NA
livingunexpecte,NA
GB_Survival,NA
FreeHomeschool2,NA
_CrossReads,NA
ncbeez,NA
stem_ai,NA
writingforkidz,NA
BusterJustis,NA
LaurenWaynecom,NA
Edinburgh_forum,NA
writingforkidz,NA
atlsjkdm,NA
oodlu_tweets,NA
writingforkidz,NA
writingforkidz,NA
_CrossReads,NA
Rae_didit,NA
homeschoolsara,NA
DuoInspirations,NA
LamaSaoud2,NA
LamaSaoud2,NA
reesespieceyumm,NA
IReallyCreative,NA
tsqvitinidze,NA
_CrossReads,NA
LanguageGames4a,NA
BraveWriter,NA
GrahamYvonna,NA
MainChannel_,NA
scohlendorf,scohlendorf
_CrossReads,NA
yachatsnspirits,NA
juditupp,NA
Edinburgh_forum,NA
atlsjkdm,NA
atlsjkdm,NA
atlsjkdm,NA
oodlu_tweets,NA
homeschoolsara,NA
A2ZHomeschool,NA
_CrossReads,NA
Erin_Vincent35,NA
BangarangBooks,NA
Erin_Vincent35,NA
_CrossReads,NA
DuoInspirations,NA
sincerelystacie,NA
HomeschoolDr,NA
homeschoolsara,NA
MomsWhoSave,NA
oodlu_tweets,NA
school_arabic,NA
school_arabic,NA
school_arabic,NA
SaganandLoki,NA
DaveNestor22,NA
getmecoding,NA
_CrossReads,NA
DomainFQ,NA
DomainFQ,NA
richardhdent,NA
_CrossReads,NA
Glasgowmom1,NA
kathykuhl,NA
oodlu_tweets,NA
_CrossReads,NA
farah84831650,NA
BrianaOsborn13,brundell_k
_CrossReads,NA
_CrossReads,NA
ComputerXploreM,NA
_CrossReads,NA
PhilanthropicHR,NA
_CrossReads,NA
oodlu_tweets,NA
ParentingPatch,NA
_CrossReads,NA
pam_pinklady,NA
SashaNoble12,NA
UBAMwithSueLee,NA
oodlu_tweets,NA
LaurenWaynecom,NA
SahmReviews,NA
atlsjkdm,NA
Sandeepoffcial,Sandeepoffcial
HomeschoolingNS,NA
Bloom_Brilliant,NA
atlsjkdm,NA
mactavish,StobiesGalaxy
MomsWhoSave,NA
DanikaCooley,NA
oodlu_tweets,NA
IgniteTutorSEA,NA
atlsjkdm,NA
hodgepodgemom,NA
CurrChoice,NA
Hist_simulation,NA
homeschoolsara,NA
KimMitRas,NA
GirlsinPolitics,NA
KimMitRas,NA
GirlsinPolitics,NA
DistanceLrnBot,NA
lcourtneymom,NA
dynaread,NA
oodlu_tweets,NA
DND214Store,NA
thezenhaitian,NA
thezenhaitian,Phil_Lewis_
teachers_direct,NA
DanikaCooley,NA
DeaLenihan,NA
JBaker509,NA
MRaichelson,NA
JamesonsPaw,NA
Becky85231741,NA
Bob_Mayer,NA
MrD_Class,NA
waytoteach,NA
sincerelystacie,NA
ChalkPastelArt,NA
hsaonline,NA
jonathonaut,RealCandaceO
oodlu_tweets,NA
writingforkidz,NA
alwaysthemama,NA
writingforkidz,NA
writingforkidz,NA
writingforkidz,NA
writingforkidz,NA
ChadwickTheBard,NA
writingforkidz,NA
dallasmoms,NA
farmmom4him,NA
BuildMathMinds,NA
shurleyenglish,NA
PracHomeschool,NA
catholic_comedy,NA
everydayedu,NA
GirlsinPolitics,NA
Erin_Vincent35,NA
BraveWriter,NA
TTRPGRising,NA
writingforkidz,NA
PlayWithEdu,NA
LuckLegends,Hope4TTRPGS
GirlsinPolitics,NA
TTRPGkids,NA
cnyetter,NA
AdvertisingLaw,NA
atlsjkdm,NA
GirlsinPolitics,NA
atlsjkdm,NA
SoTrumpie,NA
LuckLegends,NA
Erin_Vincent35,NA
TexasHSDiploma,NA
KDKThreadz,NA
homeschoolsara,NA
ncbeez,NA
KimMitRas,NA
GirlsinPolitics,NA
MWModernMomma,NA
writingforkidz,NA
TechieHSmom,NA
DuoInspirations,NA
AdvertisingLaw,NA
carenfahey,NA
ParentingPatch,NA
livingunexpecte,NA
writingforkidz,NA
GB_Survival,NA
FreeHomeschool2,NA
william_basford,NA
mindfuldesserts,NA
GraciousAgnes,NA
oodlu_tweets,NA
LearningWR,NA
MichaelDeSilvi3,NA
birdwriter7,NA
writingforkidz,NA
writingforkidz,NA
writingforkidz,NA
atlsjkdm,NA
all_hogwarts,NA
LincolnLearning,NA
writingforkidz,NA
genes2teens,NA
writingforkidz,NA
DistanceLrnBot,NA
writingforkidz,NA
cockyman7,NA
writingforkidz,NA
writingforkidz,NA
cshell202,NA
farmmom4him,NA
homeschoolsara,NA
apologiaworld,NA
MrsPstorytime,NA
ParkerPhonics,ParkerPhonics
oodlu_tweets,NA
JJCuthy,NA
a2p_press,NA
Lasehrman,NA
KimMitRas,NA
GirlsinPolitics,NA
atlsjkdm,NA
TutorExtraUK,NA
ideamachine2018,NA
KimMitRas,NA
GirlsinPolitics,NA
HSLDA,NA
weelions,NA
tepesal,NA
GCBilly,NA
Chickenfatkids,NA
shurleyenglish,NA
BraveWriter,NA
homeschoolsara,NA
busyteacher_org,NA
BeckySm80910388,NA
Salidona1,1capplegate
RegularWIGuy,NA
HomeCurriculum,NA
sherunsbyfaith,NA
Open_Tent_OTA,NA
countdowntok,NA
lcourtneymom,NA
atlsjkdm,NA
Literally_Lynne,NA
PatsyBurnette,NA
Hist_simulation,NA
mthea,NA
HomeschoolCrew,NA
HomeschoolCrew,NA
RogerDodger528,NA
KarenDoll55,NA
superteamml,NA
Rae_didit,NA
CorinneWagner20,NA
GB_Survival,NA
MomsDoBusiness,NA
piratefamilyfun,NA
DuoInspirations,NA
trytutzor,NA
homeschoolsara,NA
InstaEncourage,NA
A2ZHomeschool,NA
shurleyenglish,NA
Axiom_Tutoring,NA
Productier1,NA
oodlu_tweets,NA
educavor,NA
Amatullah117,NA
official_aia,NA
laylaalhariri,NA
oodlu_tweets,NA
SSuiteSoftware,NA
MomsDoBusiness,NA
Tumble_Creek,NA
yumchamama,NA
GabrielValles,NA
MommyBearReview,NA
oodlu_tweets,NA
PattiRoberts7,NA
makdawhaschool,NA
makdawhaschool,NA
MaestroClassics,NA
all_hogwarts,NA
mindfuldesserts,NA
90plus9kids,NA
FunWritings,NA
FThaalby,NA
OccupiedOutback,NA
GSWSyndicate,NA
oodlu_tweets,NA
glamgirl51,NA
LaurenWaynecom,NA
MrsAngelPenn,NA
oodlu_tweets,NA
Crackerette1968,csadoc
sassygirIboss,NA
MomsDoBusiness,NA
farmmom4him,NA
oc1k1h2o,HouseFloor
WorkWHomeschool,NA
OccupiedOutback,NA
FarmerTice1,AZTroopers
FarmerTice1,Drealstudmuffin
FarmerTice1,TheLeoTerrell
TimmWrites,NA
FarmerTice1,TulsiGabbard
FarmerTice1,GovRonDeSantis
FarmerTice1,jjthepatriot
FarmerTice1,DiamondandSilk
FarmerTice1,strongblacklead
DorktalesStory,NA
NorthridgeLearn,NA
yumchamama,NA
shurleyenglish,NA
birdwriter7,NA
oodlu_tweets,NA
JSteading,NA
AilsaForshaw,NA
A2ZHomeschool,NA
AilsaForshaw,NA
DanikaCooley,NA
WorkWHomeschool,NA
AilsaForshaw,NA
Erchamion,NA
RDuck37,NA
ImJustADude5,NA
TaraServatius,NA
alk3125,NA
KimMitRas,NA
GirlsinPolitics,NA
shurleyenglish,NA
Strikeking12,NA
hse1232,NA
Productier1,NA
art_DJsmiles,NA
mindfuldesserts,NA
oodlu_tweets,NA
JennySylivant,NA
HomeschoolDeal,NA
KimMitRas,NA
GirlsinPolitics,NA
Bob_Mayer,NA
ParentingPatch,NA
amnmtv1,NA
jonatha26052632,NA
Sexplorers2,NA
demconnection,NA
KimMitRas,NA
GirlsinPolitics,NA
everydayedu,NA
woodward_roxie,NA
MElibrik,NA
Pitbull_Patriot,NA
WatsonSpeaking,NA
SmarterPrintab1,NA
Angelakg5,NA
MCMCIL,NA
MaestroClassics,NA
abbavitch,NA
MrD_Class,NA
TDETutoring,NA
1234Nabiha,NA
EmRadwan6,NA
modelps1862,NA
_CrossReads,NA
EugeneDittler,NA
Caradust,NA
RockNRollCabbie,NA
KimMitRas,NA
KimMitRas,NA
GirlsinPolitics,NA
joonoopenstory,NA
tbeshy99,NA
AllesUndNix_,NA
stem_ai,NA
theGrit_music,NA
oodlu_tweets,NA
JoshuaD55483867,NA
guest_market,NA
Samah02334972,NA
REALMATHEW,NA
atlsjkdm,NA
demconnection,NA
courage_today,NA
libertytarian,NA
MartinaLuiten,NA
richardhdent,NA
TravelAndSave,NA
_CrossReads,NA
ghflearners,NA
GirlsinPolitics,NA
HomeschoolDeal,NA
seanboymickey,NA
RoseAlberta1,bishopcarrollhs
Rachid94943181,NA
FAkhtar9,NA
Erin_Vincent35,NA
CraftyClassroom,NA
ncbeez,NA
YourGiftFairy,NA
JumboMinds,NA
NajiyaRola,NA
involvvely,NA
cgeclectics,NA
_CrossReads,NA
HomeschoolDeal,NA
tsqvitinidze,NA
A2Zlearn,NA
FreeHomeschool2,NA
Qsui,NA
AaronBlaiseArt,NA
_CrossReads,NA
juditupp,NA
ChristianM_28,NA
ParentingPatch,NA
MomsDoBusiness,NA
all_hogwarts,NA
cambrilearnedu,NA
richardhdent,NA
TexasHSDiploma,NA
_CrossReads,NA
farmmom4him,NA
oodlu_tweets,NA
Johanason18,NA
Johanason18,NA
farmmom4him,NA
reem_chams,NA
_CrossReads,NA
HomeCurriculum,NA
RickersTy,NA
BethBGoad,NA
BraveWriter,NA
richardhdent,NA
HSFamilyStuff,NA
tepesal,NA
_CrossReads,NA
laylaalhariri,NA
daddyomar23,NA
NajiyaRola,NA
Saorsa1776,Saorsa1776
oodlu_tweets,NA
richardhdent,NA
_CrossReads,NA
StephanieHops18,NA
NancyCVTP,NA
_CrossReads,NA
openboxgroupltd,NA
MarkRJeffrey,NA
mekismet,NA
mekismet,NA
PatsyBurnette,NA
Aya12566157,NA
tarundsnaol,NA
danettedorsey25,NA
InstaEncourage,NA
mthea,NA
MomsWhoSave,NA
HomeschoolDr,NA
W_Angels_Wings,NA
_CrossReads,NA
thimbleandtwig,NA
HomeschoolDr,NA
irataavis,NA
Hist_simulation,NA
richardhdent,NA
_CrossReads,NA
JohnALombardi2,NA
BetsyCallanan,NA
_CrossReads,NA
therealtwfuller,EWoodhouse7
A2ZHomeschool,NA
TSPFoundation1,NA
therealtwfuller,Wirepoints
richardhdent,NA
Susan36495963,NA
_CrossReads,NA
oodlu_tweets,NA
richardhdent,NA
trytutzor,NA
_CrossReads,NA
superteamml,NA
Rae_didit,NA
jackcolleton,NA
_CrossReads,NA
queenmumqueenD,NA
MaluaBayReiver,NikkiJR16
ForgetfulMomma,NA
DistanceLrnBot,NA
DLA_SouthAfrica,NA
TanglinP,NA
wordpip,NA
Rachid94943181,NA
KatyMParkinson,NA
Productier1,NA
oodlu_tweets,NA
iCraftCafe,NA
BookClubPro1,NA
getwordwall,NA
ChelleOldham20,NA
JoeHsu59497569,NA
3167770B,NA
evacameron333,NA
amini54art,NA
MAGAawe,NA
Juanitajosefi,NA
VHayek214,NA
CodeWithTwitchi,NA
Edinburgh_forum,NA
oodlu_tweets,NA
IndieAngles,NA
SRHomeschool,NA
daddyomar23,NA
Christianz4ever,NA
Celyodowd777,NA
stem_ai,NA
CampusSnme,NA
AONEXAVIERSINT1,NA
BusterJustis,NA
VeronicaBlade,NA
_SEKAINOOKAWARI,NA
HomeCurriculum,NA
SharonKConnell,NA
bookishsociety,NA
onesweetday48,NA
birdwriter7,NA
FThaalby,NA
oodlu_tweets,NA
SiCk_DiAbLo,NA
MomsDoBusiness,NA
shurleyenglish,NA
Susan36495963,NA
JBaker509,NA
Susan36495963,NA
EvenKidsCanDraw,NA
superteamml,NA
Rae_didit,NA
mrsboyd327,NA
farmmom4him,NA
BetteAStevens,NA
BillieFancis,NA
procm2,NA
MCChildsBookDay,NA
VeronicaBlade,NA
oodlu_tweets,NA
shurleyenglish,NA
procm2,NA
procm2,NA
farmmom4him,NA
HipHmschoolMoms,NA
5dollardinners,NA
HSSuperFreak,NA
IEW,NA
ColibrosaProd,NA
AdvInFamilyhood,NA
DanikaCooley,NA
WorkWHomeschool,NA
GiftCod,NA
Edinburgh_forum,NA
7SistersHomesch,NA
oodlu_tweets,NA
SharonRuthCox,NA
angie61875305,NA
A2ZHomeschool,NA
DistanceLrnBot,NA
AdvertisingLaw,NA
BillieO2,NA
paul_cude,NA
Bob_Mayer,NA
FNPreparedness,NA
teachers_direct,NA
alhanda,NA
VeronicaBlade,NA
play_grow_learn,NA
GameOverMike,NA
BossMetaChic,NA
play_grow_learn,NA
jayhood73,NA
SSuiteSoftware,NA
products_hot,NA
AutismlandPenny,NA
MomsWhoSave,NA
Hist_simulation,NA
vicky_whedbee,NA
education_24x7,NA
1234Nabiha,NA
ndngenuity,NA
AprilMBeisaw,NA
archaeothoughts,NA
GhoulsFools,NA
retweetbossman,NA
tcuthbertson13,NA
Frances89952411,NA
BadgerRude,Tril0bite
Edinburgh_forum,NA
onesweetday48,NA
shesryan_nz,NA
oodlu_tweets,NA
CLASShomeschool,NA
TheResourceHub2,NA
ParentingPatch,NA
EmRadwan6,NA
AaronBlaiseArt,NA
LilProspectors,NA
katzdzynes,NA
HomeschoolDeal,NA
ptcfinancial,NA
LasMusasBooks,NA
BarbaraMcNinch7,NA
KimMitRas,NA
GirlsinPolitics,NA
masonmalonecom,NA
MElibrik,NA
reem_chams,NA
Mom_with_medals,NA
everydayedu,NA
writingforkidz,NA
writingforkidz,NA
oodlu_tweets,NA
HomeschoolMoney,NA
writingforkidz,NA
VeronicaBlade,NA
lasideasdedesi,NA
TexasHSDiploma,NA
mize_rocmize1,NA
HomeschoolDeal,NA
ProfesoraEspana,NA
MomsWhoSave,NA
twainausten,NA
studiesweekly,NA
Jenny57513860,NA
jenmillsap,NA
HomeCurriculum,NA
HomeCurriculum,NA
MomsWhoSave,NA
7GenGames,NA
MomsWhoSave,NA
KST9786,NA
ivycampsusa,NA
A2ZHomeschool,NA
writingforkidz,NA
PattiRoberts7,NA
CLASShomeschool,NA
A2Zlearn,NA
slmgoldberg,NA
BarefootRaRa,NA
FreeHomeschool2,NA
all_hogwarts,NA
KristiHousman,NA
LaekanZeaKemp,NA
HistoryGeek2,NA
cgeclectics,NA
homeschool_indy,NA
DuoInspirations,NA
DoodlesAcademy,NA
newheightseduc1,NA
HomeschoolDeal,NA
farmmom4him,NA
nseadgensec1,NA
MariaOchoaPhoto,NA
sdr_arts,NA
MomsDoBusiness,NA
AmityShlaes,nickgillespie
CambridgeCandI,NA
demconnection,NA
KimMitRas,NA
GirlsinPolitics,NA
VeronicaBlade,NA
dandelionX86,NA
NSEAD1,NA
KMumblings,NA
DistanceLrnBot,NA
DaveGordonArt,NA
sukeji_handa,NA
oodlu_tweets,NA
HSSuperFreak,NA
PerfectDay2Play,NA
KimMitRas,NA
GirlsinPolitics,NA
aaassubaruprize,NA
LatinosInKidLit,NA
EnergyDepDay,NA
O2Rsystems,NA
EnergyDepDay,NA
everydayedu,NA
wcmclaa,NA
GideonthDstroyr,NA
shurleyenglish,NA
shurleyenglish,NA
TravelAndSave,NA
a2p_press,NA
BraveWriter,NA
Axiom_Tutoring,NA
DuoInspirations,NA
maineiacmakeup,NA
LuluDelacre,NA
howletswing,NA
NOI_Fruit,NA
Edinburgh_forum,NA
atlsjkdm,NA
oodlu_tweets,NA
TheRobertBshow,NA
homeschoolsara,NA
kimber_silver21,NA
KimMitRas,NA
GirlsinPolitics,NA
ReinaLuzAlegre,NA
Adam_Buisson,NA
HSLDA,NA
KenRobbins,NA
farmmom4him,NA
Hogarchism,NA
juniors_dps,NA
VeronicaBlade,NA
LatinxKidLitBF,NA
J44664,Ken_Syring
trytutzor,NA
Productier1,NA
oodlu_tweets,NA
mook1971,NA
education_24x7,NA
DuoInspirations,NA
kathykuhl,NA
ChickensDigital,NA
iamnoadaniel,NA
StrumandTWT,NA
Hobo_Mama,NA
oodlu_tweets,NA
famikoban,NA
BellringerThe,NA
missnellaworld,NA
EmilyAmazon,NA
kateonthinice,NA
GlenisKellet,NA
VeronicaBlade,NA
PTChest,NA
mindfuldesserts,NA
oodlu_tweets,NA
all_hogwarts,NA
EvolveOnlineSA,NA
Ghost87739971,NA
lars_teeney,NA
TaleTellerClub,NA
TanglinP,NA
ParentingPatch,NA
LidijaKralj,NA
VeronicaBlade,NA
SRHomeschool,NA
LaidlawEd,NA
oodlu_tweets,NA
GrahamYvonna,NA
AutismlandPenny,NA
davidawfulbot,OneFarringtons
bigtickHK,NA
Robinsontb21,NA
PacificRpm,NA
ParentingPatch,NA
oodlu_tweets,NA
developerkc,NA
JoolsYxe,NA
smoma_yxe,NA
nathomeschool,NA
farmmom4him,NA
FarmerTice1,washingtonpost
FarmerTice1,nypost
GraceCurriculum,NA
DrWardBondTV,NA
DanikaCooley,NA
FarmerTice1,America1Scotty
PoliMomma,NA
robandart,NA
GrahamYvonna,NA
FarmerTice1,2Glitz4U
FarmerTice1,stirednotshakn
MisussMagnate,unmaskourfuture
Edinburgh_forum,NA
ChelleOldham20,NA
hodgepodgemom,NA
shurleyenglish,NA
MarkJ_ohnson,NA
FarmerTice1,amazonbooks
FarmerTice1,thebookseller
CodeWithTwitchi,NA
Productier1,NA
oodlu_tweets,NA
FarmerTice1,PublishersWkly
FarmerTice1,goodreads
writingforkidz,NA
writingforkidz,NA
atlsjkdm,NA
MomsWhoSave,NA
Hist_simulation,NA
SCFnow,NA
A2ZHomeschool,NA
TravelAndSave,NA
Erin_Vincent35,NA
dynaread,NA
5dollardinners,NA
DanikaCooley,NA
DanikaCooley,NA
CCSDConvo,NA
atlsjkdm,NA
MomsDoBusiness,NA
homeschoolsara,NA
DanikaCooley,NA
ChoyPop,NA
wildsidenat,NA
atlsjkdm,NA
atlsjkdm,NA
atlsjkdm,NA
mustang19sept,NA
CodeWithTwitchi,NA
Hist_simulation,NA
Productier1,NA
oodlu_tweets,NA
artist2005,NA
paul_cude,NA
Bloom_Brilliant,NA
Erin_Vincent35,NA
Erin_Vincent35,NA
KimMitRas,NA
GirlsinPolitics,NA
sportystylez,NA
VeronicaBlade,NA
FarmerTice1,goodreads
AutismlandPenny,NA
shurleyenglish,NA
MomsWhoSave,NA
emailmanROCKS,NA
DistanceLrnBot,NA
FarmerTice1,amazonbooks
farmmom4him,NA
stem_ai,NA
accel_iq,NA
EnergyDepDay,NA
MomsWhoSave,NA
JBaker509,NA
Edinburgh_forum,NA
mashupmath,NA
oodlu_tweets,NA
J_Will_1993,NA
teachers_direct,NA
Hist_simulation,NA
CLASShomeschool,NA
PracHomeschool,NA
ptcfinancial,NA
veritaspress,NA
veritaspress,NA
lifeskillsacad4,sethgodin
TakingTimeToo,NA
HSFamilyStuff,NA
Bouncybrownbear,NA
writingforkidz,NA
CircleReader,NA
OldMemeFarmer,NA
HomeschoolDeal,NA
DistanceLrnBot,NA
EdwardTheWizar4,NA
Krystyn77733531,NA
ElleKeeffe,NA
juditupp,NA
del_way,NA
DoodlesAcademy,NA
rainayony27,NA
NekoAnimeAgora,NA
QuestFinch,NA
Marco_Sensei,NA
AaronBlaiseArt,NA
collectormom,NA
cgeclectics,NA
SPEDHomeschool,NA
nicole_cox515,NA
birdwriter7,NA
CraftyClassroom,NA
nonsumdignus,NA
DanikaCooley,NA
DanikaCooley,NA
HomeschoolDeal,NA
KhadijahOnline,NA
DanikaCooley,NA
A2Zlearn,NA
ProdigyGame,NA
FreeHomeschool2,NA
AilsaForshaw,NA
john_siracusa,NA
DrDavidPowers,NA
PerfectDay2Play,NA
DrWardBondTV,NA
Charlottesbuys,NA
ScienceBuddies,NA
colourfulteach,NA
AshlenSheaffer,NA
DuoInspirations,NA
oodlu_tweets,NA
SnellingsLieve,NA
Erin_Vincent35,NA
VeronicaBlade,NA
education_24x7,NA
AdvertisingLaw,NA
readytolearn314,NA
LindasLunacy,NA
Racer05X,NA
cgeclectics,NA
education_24x7,NA
PendarBintang,NA
cieloyla,NA
Andy26348507,NA
HomeCurriculum,NA
J_Desautels,NA
HomeschoolDeal,NA
AlTwinklHomeEd,NA
Cricketsongsale,NA
EndonozMrs,NA
AjmooreMoore,NA
A2Zlearn,NA
LilianKatiso,NA
BraveWriter,NA
education_24x7,NA
PU41967,NA
atlsjkdm,NA
DuoInspirations,NA
HarborCare,NA
Chickenfatkids,NA
Dubbzay69,NA
DuoInspirations,NA
TaleTellerClub,NA
DrWardBondTV,NA
chris_bore,FreyaHolmer
homeschoolsara,NA
KimMitRas,NA
GirlsinPolitics,NA
school_arabic,NA
VeronicaBlade,NA
school_arabic,NA
CurrChoice,NA
cylev,NA
arealpatriot123,NA
oodlu_tweets,NA
tracyscottkelly,NA
FeloCarrillo521,NA
jeshir99,NA
mindfuldesserts,NA
MakingChangesNe,NA
IndieAngles,NA
BotFemale,NA
Lisa_Pitts5,NA
tjhccp,NA
cambrilearnedu,NA
jonathonaut,NA
BrianaOsborn13,NA
DuoInspirations,NA
Hist_simulation,NA
MomsWhoSave,NA
ParentingHub1,NA
PTChest,NA
oodlu_tweets,NA
VeronicaBlade,NA
EdexamsL,NA
ForgetfulMomma,NA
EvolveOnlineSA,NA
RoyalKingsland,NA
famikoban,NA
famikoban,NA
AbhiiKeAbhi,NA
education_24x7,NA
SSuiteSoftware,NA
JoseEColon,NA
swadha,NA
swadha,NA
MaluaBayReiver,Abqaic70
PujaaSinhaa,NA
SATYAJIT1910,NA
PujaaSinhaa,NA
PujaaSinhaa,NA
WalesHigh,NA
thenorseman56,NA
education_24x7,NA
BabyJamMusic,NA
VeronicaBlade,NA
Edinburgh_forum,NA
LexonikST,NA
oodlu_tweets,NA
DanikaCooley,NA
BrianaOsborn13,NA
Sandeepoffcial,Sandeepoffcial
humorhomeschool,NA
To_Kata_Ioannen,benmagelsen
Imsouthern,NA
mindfuldesserts,NA
Sandeepoffcial,NA
Sandeepoffcial,NA
Edinburgh_forum,NA
Sandeepoffcial,NA
90plus9kids,NA
TimeInSpace33,NA
algebraebook,NA
psychowith6,NA
algebraebook,NA
Productier1,NA
oodlu_tweets,NA
paidbeachbum,NA
AONEXAVIERSINT1,NA
CampusSnme,NA
NotMetruth,LittleElmTX
Irenejaeger9,NA
WonderKaylee,NA
LDSLibertarian1,NA
gardgoldsmith,NA
mindfuldesserts,NA
DanikaCooley,NA
LinkTutors,NA
VeronicaBlade,NA
joerobertson,NA
Decisions9,NA
data_sentinel,NA
jeremyjhowes,NA
DawgMother,NA
dailystem,NA
odinpodcast,NA
FarmerTice1,ASoftstar
kathy19090674,NA
FarmerTice1,doo_001
FarmerTice1,StuMP1963
FarmerTice1,newsmax
MaestroClassics,NA
FarmerTice1,almostjingo
FarmerTice1,arealpatriot123
ergodrake,NA
sp43999748,NA
HappydrummerMan,NA
MichaelPghPA,NA
Edinburgh_forum,NA
WardWBond,NA
pam_pinklady,NA
EugeneDittler,NA
LvlupSupplyz,NA
seejaycuervo,NA
AlisVolPropriis,NA
maryloupatey,NA
mikedennymike,and_furiouser
A2ZHomeschool,NA
oodlu_tweets,NA
libertytarian,NA
Hmschlsmplicity,NA
V41545662V,NA
V41545662V,NA
briannababbles,NA
FarmerTice1,arealpatriot123
FarmerTice1,catturd2
FarmerTice1,Drealstudmuffin
FarmerTice1,chrisriddell50
FarmerTice1,JennJen100
DuoInspirations,NA
Edinburgh_forum,NA
DrWardBondTV,NA
AbiagealKet,NA
hodgepodgemom,NA
B0tSci,NA
DarshDavis,NA
oodlu_tweets,NA
DanikaCooley,NA
iMoGalore,NA
backountrygirl,Lisavipes
mykidzbookshelf,NA
JerryDiy99,NA
Grayman1995,NA
amomstake,NA
Mayhem_Raven,NA
VeronicaBlade,NA
homeschoolsara,NA
shurleyenglish,NA
TheReviewWire,NA
5dollardinners,NA
KidsKonnectEdu,NA
DWF92997512,SPECNews1BUF
TanglinP,NA
A2ZHomeschool,NA
DanikaCooley,NA
laurelworlds,NA
rod_lampard,NA
DonnaDavisHNL,NA
KikiNoVax,NA
PerfectDay2Play,NA
KimMitRas,NA
GirlsinPolitics,NA
edifiquest,NA
TimOnPoint,NA
Mwam1993_,NA
KimMitRas,NA
GirlsinPolitics,NA
Hobo_Mama,NA
JJNewGuy,NA
Pepe__J,NA
ParentingPatch,NA
HomeschoolWays,NA
pepediiasio,NA
CodeWithTwitchi,NA
Productier1,NA
oodlu_tweets,NA
JuneFlower4913,JuneFlower4913
BangarangBooks,NA
TanglinP,NA
MomsWhoSave,NA
FarmerTice1,shellie_ratlif
KidsNeedMoreArt,NA
kimmie1879,NA
shurleyenglish,NA
STEMSpark,NA
60SecHistories,NA
FarmerTice1,Timcast
FarmerTice1,MrAndyNgo
MomsWhoSave,NA
FarmerTice1,DrewHLive
VeronicaBlade,NA
FarmerTice1,ElijahSchaffer
PA_SchoolChoice,NA
aspireptutoring,NA
SmarterPrintab1,NA
FarmerTice1,RicciGeri
FarmerTice1,bennyjohnson
MD_Homeschool,NA
KMaster49620335,NA
SharonRene4,NA
jeffgonyea,NA
AutismlandPenny,NA
LincolnLearning,NA
DistanceLrnBot,NA
BraveWriter,NA
hsaonline,NA
MyPrivateProf,NA
SRHomeschool,NA
Rae_didit,NA
writingforkidz,NA
AdvertisingLaw,NA
KumonPublishing,NA
HomeschoolMoney,NA
susanmurphyinc,NA
CyberSecurityN8,NA
sectest9,NA
KidLiteracyInc,NA
JenSwanBooks,NA
KidsSolve,NA
BrookdaleHouse,NA
writingforkidz,NA
oodlu_tweets,NA
TutorExtraUK,NA
VeronicaBlade,NA
LauraWeducation,NA
A2ZHomeschool,NA
UPuritano,NA
FarmerTice1,HounslowSLS
1ReformAlliance,NA
KimMitRas,NA
GirlsinPolitics,NA
FarmerTice1,Restricted1900
FarmerTice1,TulsiGabbard
dotdottoys,NA
kerry_edu,NA
writingforkidz,NA
FarmerTice1,PirrohasFans
KimMitRas,NA
GirlsinPolitics,NA
MaestroClassics,NA
FarmerTice1,powell_fans
FarmerTice1,JeMari81
FarmerTice1,HounslowSLS
khriste5,NA
HSLDA,NA
FarmerTice1,DineshDSouza
FarmerTice1,atensnut
Banner2021,NA
MyFaceAndYours1,GovGone
cynthiakaui,NA
A2Zlearn,NA
ChoiceMediatv,NA
alessa_ed,alessa_ed
alessa_ed,alessa_ed
alessa_ed,alessa_ed
alessa_ed,alessa_ed
FreeHomeschool2,NA
alessa_ed,alessa_ed
KimMitRas,NA
GirlsinPolitics,NA
FarmerTice1,NA
mflbassie,NA
girlsnbusiness,NA
sunislife222,NA
UNLFoodScience,NA
smartyglen,NA
7SistersHomesch,NA
atlsjkdm,NA
Hobo_Mama,NA
thsc,NA
Unschooling1,NA
HEAV,NA
Y11WHS,NA
hodgepodgemom,NA
colourfulteach,NA
HomeschoolDeal,NA
writingforkidz,NA
juditupp,NA
TumbleCreekDani,NA
Productier1,NA
oodlu_tweets,NA
pamadkisson,NA
homeschoolsara,NA
ElleKeeffe,NA
KimMitRas,NA
GirlsinPolitics,NA
Crowdfundingrev,NA
crowdfundingbck,NA
3dgamingstudio,NA
Kickfunding,NA
smiley_brains,NA
playqanda,NA
thecroak500,NA
demconnection,NA
VeronicaBlade,NA
IrkedSmirk,NA
KimMitRas,NA
GirlsinPolitics,NA
shurleyenglish,NA
NaomiJKrueger,NA
Literally_Lynne,NA
HomeCurriculum,NA
BrysonMCulver,NA
writingforkidz,NA
HomeschoolDeal,NA
writingforkidz,NA
writingforkidz,NA
demconnection,NA
writingforkidz,NA
DuoInspirations,NA
birdwriter7,NA
KimMitRas,NA
GirlsinPolitics,NA
Bloom_Brilliant,NA
HomeschoolDeal,NA
ezahsacademy,NA
busybebes,NA
Tumble_Creek,NA
thebeardzwife,NA
rebecca_dwenger,NA
joonoopenstory,NA
LydiaLukidis,NA
KimMitRas,NA
GirlsinPolitics,NA
Numerise_,NA
Chickenfatkids,NA
sunsetscentbar,NA
WorkWHomeschool,NA
DeCryptoWorld,DeCryptoWorld
ckwlpn,NA
thecroak500,NA
momgiggles,NA
DanikaCooley,NA
DiscerntoL,NA
mthea,NA
HelenOwenMarket,NA
katey_sewell,NA
YourGiftFairy,NA
cgeclectics,NA
art_DJsmiles,NA
busyteacher_org,NA
GirlsinPolitics,NA